AirlineID,IATACode,ICAOCode,Name,Country,CreatedAt,UpdatedAt
1,GE,,"Joseph, Lucas and Adams Airlines",British Indian Ocean Territory (Chagos Archipelago),1747376862,1747376862
2,PQ,PVIV,Brennan PLC Airlines,Sudan,1747376862,1747376862
3,BC,RFIW,Allen and Sons Airlines,Tokelau,1747376862,1747376862
4,VF,ZOXF,Rodriguez LLC Airlines,Vietnam,1747376862,1747376862
5,TZ,BLWG,"Sanchez, Walker and West Airlines",Malta,1747376862,1747376862
6,UG,ZDZB,Pitts-Wilson Airlines,Bahrain,1747376862,1747376862
7,TI,,Hudson-Brown Airlines,Swaziland,1747376862,1747376862
8,XK,YEOO,Le-Arias Airlines,Namibia,1747376862,1747376862
9,VY,TYFR,King-Armstrong Airlines,United States Virgin Islands,1747376862,1747376862
10,JF,BGUV,Poole-Allen Airlines,Costa Rica,1747376862,1747376862
11,PJ,EXYC,"Pierce, Lewis and Harris Airlines",Bangladesh,1747376862,1747376862
12,YD,VENU,"Davis, Cochran and Green Airlines",Russian Federation,1747376862,1747376862
13,WU,KOGQ,Frost LLC Airlines,Rwanda,1747376862,1747376862
14,WW,,Rivera-Simon Airlines,Mozambique,1747376862,1747376862
15,FD,DDHY,Sanders-Levine Airlines,Cocos (Keeling) Islands,1747376862,1747376862
16,IW,SEHO,Henderson-Robinson Airlines,Congo,1747376862,1747376862
17,AZ,BIDY,Shaw and Sons Airlines,Tanzania,1747376862,1747376862
18,NQ,LQDJ,"Lee, Alvarez and White Airlines",Canada,1747376862,1747376862
19,NM,,Hicks PLC Airlines,Honduras,1747376862,1747376862
20,YI,TJUI,Hill Inc Airlines,Liechtenstein,1747376862,1747376862
21,KY,UXJV,Wilkerson-Hudson Airlines,Montenegro,1747376862,1747376862
22,JE,CQUV,"Delacruz, Harris and Hebert Airlines",El Salvador,1747376862,1747376862
23,XF,,Alvarado PLC Airlines,Korea,1747376862,1747376862
24,VE,CFKP,Martin LLC Airlines,Greece,1747376862,1747376862
25,SD,BOUA,"Parks, Taylor and Rodriguez Airlines",Gambia,1747376862,1747376862
26,XO,EDZJ,Bird Group Airlines,Philippines,1747376862,1747376862
27,VO,HTYX,Rivera PLC Airlines,Libyan Arab Jamahiriya,1747376862,1747376862
28,GJ,MBPU,"Gordon, Martin and King Airlines",Lao People's Democratic Republic,1747376862,1747376862
29,HM,,Werner-Evans Airlines,Hong Kong,1747376862,1747376862
30,DO,QZXI,"Crawford, Johnson and Garcia Airlines",Samoa,1747376862,1747376862
31,HW,PJOD,"King, Sherman and Santiago Airlines",Cocos (Keeling) Islands,1747376862,1747376862
32,LJ,TFWU,Patterson-Mitchell Airlines,British Virgin Islands,1747376862,1747376862
33,OZ,JBJG,"Turner, Wright and Gonzalez Airlines",Heard Island and McDonald Islands,1747376862,1747376862
34,NE,PLDN,Rubio-Conner Airlines,Trinidad and Tobago,1747376862,1747376862
35,DQ,,Edwards Inc Airlines,Lao People's Democratic Republic,1747376862,1747376862
36,ZP,,Collins-Diaz Airlines,Jordan,1747376862,1747376862
37,SJ,RVVD,Buchanan Group Airlines,Tunisia,1747376862,1747376862
38,XH,PSAZ,Clark PLC Airlines,Italy,1747376862,1747376862
39,CF,YBUE,"Brandt, Brennan and Richardson Airlines",Guadeloupe,1747376862,1747376862
40,SU,DSWD,"Young, Peterson and Ruiz Airlines",Monaco,1747376862,1747376862
41,KH,DUTV,Ramirez LLC Airlines,Haiti,1747376862,1747376862
42,DR,IKKA,White LLC Airlines,Guinea,1747376862,1747376862
43,GT,,Johnson and Sons Airlines,Mozambique,1747376862,1747376862
44,MV,,"Russell, Harris and Hicks Airlines",Tunisia,1747376862,1747376862
45,IQ,SCZA,Owen-Campbell Airlines,Netherlands Antilles,1747376862,1747376862
46,NG,APED,Ward-Mitchell Airlines,Canada,1747376862,1747376862
47,GD,XNBP,Smith Group Airlines,Cuba,1747376862,1747376862
48,CR,MDUR,"Williams, Clark and Riley Airlines",Panama,1747376862,1747376862
49,EV,FNLA,Anderson Group Airlines,Oman,1747376862,1747376862
50,OA,OAAY,Robinson-Harrison Airlines,Bahrain,1747376862,1747376862
51,XZ,LTCY,Blackburn LLC Airlines,Congo,1747376862,1747376862
52,UA,MRXQ,Moss-Wright Airlines,Slovakia (Slovak Republic),1747376862,1747376862
53,FN,MFAU,Simmons Group Airlines,Cyprus,1747376862,1747376862
54,BJ,YHCZ,"Matthews, Barnett and Stewart Airlines",North Macedonia,1747376862,1747376862
55,BK,XDUZ,Hernandez Ltd Airlines,Senegal,1747376862,1747376862
56,OJ,UWSI,Hatfield LLC Airlines,Slovenia,1747376862,1747376862
57,ZZ,MMTQ,Hoffman Ltd Airlines,Uruguay,1747376862,1747376862
58,HQ,EANF,"Mitchell, Johnson and Kelly Airlines",Solomon Islands,1747376862,1747376862
59,XL,YVGL,Armstrong-Lopez Airlines,Micronesia,1747376862,1747376862
60,GA,WAPH,Brown-Anderson Airlines,Maldives,1747376862,1747376862
61,YX,,"Fletcher, Heath and Willis Airlines",Niue,1747376862,1747376862
62,AG,,Jones-Knight Airlines,South Africa,1747376862,1747376862
63,VB,AZDE,Hansen Ltd Airlines,Hungary,1747376862,1747376862
64,JK,TTYT,Kennedy PLC Airlines,Norway,1747376862,1747376862
65,RG,CDCR,Jackson PLC Airlines,Austria,1747376862,1747376862
66,GG,RQKG,Graham Ltd Airlines,Zimbabwe,1747376862,1747376862
67,AQ,FMXH,Taylor Group Airlines,United States of America,1747376862,1747376862
68,CM,,Maldonado-Alvarez Airlines,Yemen,1747376862,1747376862
69,MQ,AUIW,Boyer-Murphy Airlines,Thailand,1747376862,1747376862
70,ZL,SCER,Kelly LLC Airlines,Romania,1747376862,1747376862
71,WA,OUBG,Ibarra and Sons Airlines,Japan,1747376862,1747376862
72,UL,EATU,"Perez, Bailey and Doyle Airlines",Montserrat,1747376862,1747376862
73,PZ,,Tyler Ltd Airlines,Suriname,1747376862,1747376862
74,DP,BVLM,Green-Harrington Airlines,Suriname,1747376862,1747376862
75,EW,,Goodwin LLC Airlines,Palau,1747376862,1747376862
76,TN,NDRB,Taylor and Sons Airlines,Nepal,1747376862,1747376862
77,QW,UFDG,Thompson-Smith Airlines,Timor-Leste,1747376862,1747376862
78,XE,PJDP,Elliott-Castro Airlines,Malta,1747376862,1747376862
79,IS,CQUT,"Thompson, Mora and Hamilton Airlines",Liechtenstein,1747376862,1747376862
80,RI,NCDC,"Keller, Schroeder and Marquez Airlines",Barbados,1747376862,1747376862
81,DS,HGZJ,Sanchez-Evans Airlines,Switzerland,1747376862,1747376862
82,XR,GCFB,"Curtis, Wilson and Daniels Airlines",Thailand,1747376862,1747376862
83,OO,,"Kemp, Rogers and Smith Airlines",Lao People's Democratic Republic,1747376862,1747376862
84,UM,SGUR,Reynolds-Russell Airlines,Kenya,1747376862,1747376862
85,ZM,GXUD,"Phillips, Hall and Chavez Airlines",Cocos (Keeling) Islands,1747376862,1747376862
86,ZD,,Fowler Inc Airlines,Isle of Man,1747376862,1747376862
87,RT,FQUR,Potts PLC Airlines,Timor-Leste,1747376862,1747376862
88,YJ,HGKR,Campbell-Snyder Airlines,Svalbard & Jan Mayen Islands,1747376862,1747376862
89,BG,,"Baird, Baker and Jones Airlines",Armenia,1747376862,1747376862
90,DB,BFZA,"Smith, Hernandez and Moore Airlines",Egypt,1747376862,1747376862
91,EO,TMOA,Castro-Hanson Airlines,Sao Tome and Principe,1747376862,1747376862
92,CU,LNYN,"Ellis, Newman and Martinez Airlines",Iran,1747376862,1747376862
93,WO,DXHG,"Shaffer, Graham and Freeman Airlines",Central African Republic,1747376862,1747376862
94,MK,FEBO,Davis Inc Airlines,Colombia,1747376862,1747376862
95,QN,,"Wallace, Jacobs and Mitchell Airlines",United Arab Emirates,1747376862,1747376862
96,VA,RXLZ,"Smith, Crawford and David Airlines",Cape Verde,1747376862,1747376862
97,MX,BJZH,Hines LLC Airlines,Somalia,1747376862,1747376862
98,TH,OMCU,Williams PLC Airlines,Saudi Arabia,1747376862,1747376862
99,OY,OTXI,"Walton, Brown and Walker Airlines",Japan,1747376862,1747376862
100,KX,VZJW,"Beltran, Ellis and Martinez Airlines",Paraguay,1747376862,1747376862
101,MP,EAVV,Day-Moore Airlines,Belize,1747376862,1747376862
102,LD,SPLA,"Ross, Alexander and Boyer Airlines",Mali,1747376862,1747376862
103,OW,,"Luna, Lawson and Spence Airlines",United Kingdom,1747376862,1747376862
104,MO,,May Group Airlines,Guinea,1747376862,1747376862
105,BL,DGLH,Wang-Weaver Airlines,Pitcairn Islands,1747376862,1747376862
106,PG,HMCD,Banks Inc Airlines,Zimbabwe,1747376862,1747376862
107,WK,CUEZ,"Hansen, Schmidt and White Airlines",Niue,1747376862,1747376862
108,LR,,Young-Williams Airlines,Cameroon,1747376862,1747376862
109,QY,GJWT,Decker-Bailey Airlines,Ireland,1747376862,1747376862
110,FB,WZZY,Macias Inc Airlines,Italy,1747376862,1747376862
111,JR,,Price-Espinoza Airlines,Burkina Faso,1747376862,1747376862
112,MH,VDHG,Munoz Group Airlines,Kazakhstan,1747376862,1747376862
113,EP,,"Lewis, Pratt and Adkins Airlines",Pakistan,1747376862,1747376862
114,LU,XFYK,Owen LLC Airlines,Romania,1747376862,1747376862
115,TS,OZZB,"Villegas, Rivera and Buckley Airlines",Benin,1747376862,1747376862
116,FR,AFZJ,Bridges LLC Airlines,Nauru,1747376862,1747376862
117,RE,PESK,Pearson and Sons Airlines,Morocco,1747376862,1747376862
118,BF,NJTL,Cohen PLC Airlines,Anguilla,1747376862,1747376862
119,DX,NCTY,Hughes-Morris Airlines,Guinea-Bissau,1747376862,1747376862
120,AR,TPCA,"Harris, Cameron and Hayes Airlines",Kenya,1747376862,1747376862
121,KT,YRHN,Estrada-Chambers Airlines,Palau,1747376862,1747376862
122,LP,RHLS,Lam-Taylor Airlines,Mozambique,1747376862,1747376862
123,UE,DNVI,"Dalton, Johnson and Rosario Airlines",Cuba,1747376862,1747376862
124,JL,MZYD,"Hansen, Solis and Santiago Airlines",Thailand,1747376862,1747376862
125,NI,EGUK,Shaw LLC Airlines,Anguilla,1747376862,1747376862
126,RL,OMRO,Skinner Inc Airlines,China,1747376862,1747376862
127,HE,ZLMT,Meyers PLC Airlines,United States of America,1747376862,1747376862
128,CH,ORWV,"Walker, Soto and Washington Airlines",Togo,1747376862,1747376862
129,VQ,UWEA,Wade and Sons Airlines,Ireland,1747376862,1747376862
130,XM,WFJA,Tate-Wilson Airlines,American Samoa,1747376862,1747376862
131,IG,LNJM,Smith Ltd Airlines,Equatorial Guinea,1747376862,1747376862
132,EI,ELXL,Martinez Ltd Airlines,Brazil,1747376862,1747376862
133,YA,YGBQ,Rodriguez-York Airlines,Guernsey,1747376862,1747376862
134,XW,,Taylor-Wilkerson Airlines,Namibia,1747376862,1747376862
135,OH,UDUN,Garcia Ltd Airlines,Guinea-Bissau,1747376862,1747376862
136,OQ,JMQN,"Clay, Paul and Hopkins Airlines",Togo,1747376862,1747376862
137,EY,,Young-Odom Airlines,French Polynesia,1747376862,1747376862
138,ZI,KHOA,Bennett Ltd Airlines,Canada,1747376862,1747376862
139,QC,SOZJ,Barry Ltd Airlines,Venezuela,1747376862,1747376862
140,YN,JNPX,Hill-Taylor Airlines,British Indian Ocean Territory (Chagos Archipelago),1747376862,1747376862
141,OG,,Stanley PLC Airlines,Tunisia,1747376862,1747376862
142,ST,,Griffin-Page Airlines,Congo,1747376862,1747376862
143,ZF,FFHT,Long-Perez Airlines,Jordan,1747376862,1747376862
144,PH,NVAG,Hester-Young Airlines,Iraq,1747376862,1747376862
145,BR,QXZU,Galvan Inc Airlines,Aruba,1747376862,1747376862
146,KG,XAOF,"Williams, Cline and Reilly Airlines",Mongolia,1747376862,1747376862
147,UC,HGYV,Briggs LLC Airlines,Turkey,1747376862,1747376862
148,GU,LDBJ,Salazar Inc Airlines,Saint Helena,1747376862,1747376862
149,QK,LPPI,"Herrera, Sanders and Dennis Airlines",Monaco,1747376862,1747376862
150,IL,PUTS,Mcdonald Inc Airlines,Saint Lucia,1747376862,1747376862
151,YC,GSEY,"Rodriguez, Reid and Glenn Airlines",El Salvador,1747376862,1747376862
152,KQ,UCFC,Hubbard-Martinez Airlines,Hong Kong,1747376862,1747376862
153,EG,,Schultz-Nichols Airlines,Bahrain,1747376862,1747376862
154,XP,QRBN,Burnett Group Airlines,Panama,1747376862,1747376862
155,NV,,Cruz-Davenport Airlines,Kuwait,1747376862,1747376862
156,LM,XLNW,"Parker, Dunn and Ortega Airlines",Faroe Islands,1747376862,1747376862
157,QM,TDXU,"Swanson, Carter and Ball Airlines",Madagascar,1747376862,1747376862
158,FZ,,Liu-Cole Airlines,Angola,1747376862,1747376862
159,YU,UPDA,Wang-Crosby Airlines,Greece,1747376862,1747376862
160,ML,TQSU,Freeman Group Airlines,Canada,1747376862,1747376862
161,ZA,RGUH,Lutz-Sanchez Airlines,Austria,1747376862,1747376862
162,BZ,VFEX,Mills and Sons Airlines,Guam,1747376862,1747376862
163,VX,FDCC,"Kline, Watson and Calhoun Airlines",Hong Kong,1747376862,1747376862
164,GV,,"Smith, Sherman and Cooper Airlines",North Macedonia,1747376862,1747376862
165,GY,WJFK,"Robertson, Durham and Morales Airlines",Saint Martin,1747376862,1747376862
166,WE,,"Santos, Alexander and Roman Airlines",Poland,1747376862,1747376862
167,KR,VTXN,Morris Group Airlines,Mongolia,1747376862,1747376862
168,VZ,LCYI,Huffman Inc Airlines,Chile,1747376862,1747376862
169,KW,NEEC,"Moore, Davis and Barry Airlines",Tanzania,1747376862,1747376862
170,GQ,BXVM,Middleton-Christensen Airlines,El Salvador,1747376862,1747376862
171,KD,UMSV,"Riddle, Buchanan and Matthews Airlines",Northern Mariana Islands,1747376862,1747376862
172,SG,IANN,Santana Ltd Airlines,Thailand,1747376862,1747376862
173,CX,,"Owen, Miller and Lara Airlines",Belarus,1747376862,1747376862
174,FK,RODV,"Perez, Ho and Carey Airlines",British Indian Ocean Territory (Chagos Archipelago),1747376862,1747376862
175,GM,GXHR,Barnes-Walker Airlines,Turks and Caicos Islands,1747376862,1747376862
176,MB,AHPI,Miller LLC Airlines,Colombia,1747376862,1747376862
177,DE,,Sanchez-Henry Airlines,Macao,1747376862,1747376862
178,QA,YPCZ,Johnson-Williams Airlines,Angola,1747376862,1747376862
179,FM,OWDL,Holland-Brown Airlines,Kiribati,1747376862,1747376862
180,AY,PQCR,Powell-Palmer Airlines,Namibia,1747376862,1747376862
181,DI,,"Weaver, Mueller and Jones Airlines",Grenada,1747376862,1747376862
182,KZ,JIGY,Davis-Parsons Airlines,Cayman Islands,1747376862,1747376862
183,OK,VDUM,Warner Ltd Airlines,Ecuador,1747376862,1747376862
184,MM,,Watson-Farley Airlines,Montenegro,1747376862,1747376862
185,VD,QRCI,"Lynch, Baker and Delgado Airlines",Trinidad and Tobago,1747376862,1747376862
186,PB,HKYV,"Nelson, Murphy and Powell Airlines",Anguilla,1747376862,1747376862
187,UN,WNJQ,"Padilla, Lee and Nelson Airlines",Luxembourg,1747376862,1747376862
188,XG,XNMB,Oliver-Hill Airlines,Holy See (Vatican City State),1747376862,1747376862
189,RJ,MXGF,Willis-Rodriguez Airlines,Mexico,1747376862,1747376862
190,TD,VNHV,Wilson Group Airlines,Cuba,1747376862,1747376862
191,HS,KAPG,Fletcher Ltd Airlines,Madagascar,1747376862,1747376862
192,PN,AZRX,"Santiago, Davis and Horn Airlines",Namibia,1747376862,1747376862
193,YZ,CTMH,Medina and Sons Airlines,Tanzania,1747376862,1747376862
194,AT,,"Ward, Vega and Burch Airlines",Bermuda,1747376862,1747376862
195,ZK,QROK,"Villanueva, Jackson and Gallagher Airlines",Switzerland,1747376862,1747376862
196,RR,DINC,"Smith, Young and Rodriguez Airlines",Comoros,1747376862,1747376862
197,XN,MQJS,"Harvey, Hickman and Chang Airlines",Belgium,1747376862,1747376862
198,PX,WSTG,Olsen and Sons Airlines,Benin,1747376862,1747376862
199,ZB,WUNQ,Joseph and Sons Airlines,Guadeloupe,1747376862,1747376862
200,EC,PTVH,"Hopkins, Rodriguez and Sims Airlines",Pitcairn Islands,1747376862,1747376862
201,RD,FKFV,Fields-Nunez Airlines,Saint Lucia,1747376862,1747376862
202,FP,,Collins LLC Airlines,Ukraine,1747376862,1747376862
203,KA,NKYA,"Peterson, Peterson and Diaz Airlines",Chile,1747376862,1747376862
204,YS,IAHC,Johnson Group Airlines,Myanmar,1747376862,1747376862
205,XU,QPNA,Wilson PLC Airlines,Cambodia,1747376862,1747376862
206,DK,EYWZ,"Cruz, Davis and Robbins Airlines",Benin,1747376862,1747376862
207,JM,LSHO,Rodriguez-Burton Airlines,Romania,1747376862,1747376862
208,FU,DWTY,Miller-Patterson Airlines,Bangladesh,1747376862,1747376862
209,VC,,Mcguire Inc Airlines,United States Virgin Islands,1747376862,1747376862
210,VP,FRTJ,Craig Inc Airlines,Tajikistan,1747376862,1747376862
211,DF,ZQDP,"Leach, Byrd and Nguyen Airlines",Cote d'Ivoire,1747376862,1747376862
212,UR,KRIY,Davis LLC Airlines,Faroe Islands,1747376862,1747376862
213,BT,ZZDG,Alexander Inc Airlines,Tonga,1747376862,1747376862
214,OT,QJCH,Mann-Jones Airlines,Kyrgyz Republic,1747376862,1747376862
215,JN,HKQY,"Malone, Clarke and Robinson Airlines",Mali,1747376862,1747376862
216,VS,,"Hill, Kent and Hodge Airlines",Guinea-Bissau,1747376862,1747376862
217,AH,DQUP,Jones LLC Airlines,Gibraltar,1747376862,1747376862
218,XQ,,"Reynolds, Ritter and Bass Airlines",Lebanon,1747376862,1747376862
219,IK,YOVD,Mills-Snyder Airlines,Morocco,1747376862,1747376862
220,BU,,King Inc Airlines,Bolivia,1747376862,1747376862
221,MZ,TADL,Carter-Juarez Airlines,Korea,1747376862,1747376862
222,KE,MOUP,"Mooney, Shelton and Skinner Airlines",Myanmar,1747376862,1747376862
223,SS,MVOT,Meza-Rasmussen Airlines,Tokelau,1747376862,1747376862
224,DA,YLMR,"Black, Cox and Barker Airlines",El Salvador,1747376862,1747376862
225,PF,YFEU,"Harris, Jackson and Torres Airlines",Northern Mariana Islands,1747376862,1747376862
226,YF,UNOJ,Garcia LLC Airlines,South Georgia and the South Sandwich Islands,1747376862,1747376862
227,LK,,Wilkerson-Thompson Airlines,Botswana,1747376862,1747376862
228,ME,AZBE,Moore Group Airlines,Liberia,1747376862,1747376862
229,GL,,"Prince, Hart and King Airlines",Macao,1747376862,1747376862
230,TU,ZKTF,"Matthews, Cook and Harris Airlines",Liberia,1747376862,1747376862
231,HV,STJT,Rhodes-Smith Airlines,Congo,1747376862,1747376862
232,XD,FJBC,"Price, Fox and Phillips Airlines",Sudan,1747376862,1747376862
233,CT,HZEF,"Johnson, Wilson and Davis Airlines",Cyprus,1747376862,1747376862
234,VJ,IVJR,"Allison, Ward and Miller Airlines",Serbia,1747376862,1747376862
235,RU,HDSG,Novak LLC Airlines,Morocco,1747376862,1747376862
236,SY,DLTF,"Hernandez, Brown and Jacobs Airlines",Brunei Darussalam,1747376862,1747376862
237,AF,HNXV,"Phillips, Johnson and King Airlines",Saint Martin,1747376862,1747376862
238,IZ,YVQL,"Cox, Mccormick and Garcia Airlines",Mali,1747376862,1747376862
239,DC,CLWY,Jones Ltd Airlines,Bolivia,1747376862,1747376862
240,LE,LSGX,Skinner Group Airlines,Papua New Guinea,1747376862,1747376862
241,BA,XBHT,"Williams, Giles and Berg Airlines",Hong Kong,1747376862,1747376862
242,XV,CPDK,"Williams, Watson and Morris Airlines",Palestinian Territory,1747376862,1747376862
243,GH,,Williams LLC Airlines,Bolivia,1747376862,1747376862
244,UZ,HIBG,"Sandoval, Ramirez and Barnes Airlines",North Macedonia,1747376862,1747376862
245,FY,,Mccullough LLC Airlines,Belarus,1747376862,1747376862
246,JU,,Neal-Hernandez Airlines,Tonga,1747376862,1747376862
247,NA,,Huffman Group Airlines,South Africa,1747376862,1747376862
248,TF,CDVK,Ferguson-Cunningham Airlines,Ethiopia,1747376862,1747376862
249,MY,ZKRU,Hess Ltd Airlines,Sweden,1747376862,1747376862
250,XC,EQBB,Mejia-Walker Airlines,Iraq,1747376862,1747376862
251,RV,YTTV,"Berger, Gibson and Keller Airlines",Bosnia and Herzegovina,1747376862,1747376862
252,GZ,HYHE,Davis and Sons Airlines,San Marino,1747376862,1747376862
253,TW,,Mendez-Wong Airlines,Canada,1747376862,1747376862
254,IP,TGDO,"Vargas, Phillips and Vargas Airlines",Korea,1747376862,1747376862
255,OF,TKCX,"Wilson, Garcia and Noble Airlines",Comoros,1747376862,1747376862
256,ZT,LOFB,Payne Ltd Airlines,Slovenia,1747376862,1747376862
257,ZC,EIAJ,Hayden-Mays Airlines,Guinea-Bissau,1747376862,1747376862
258,DY,SOKC,Gray-Drake Airlines,French Southern Territories,1747376862,1747376862
259,EX,PEVC,Garcia Group Airlines,Bhutan,1747376862,1747376862
260,YH,WYLQ,Norman Ltd Airlines,Reunion,1747376862,1747376862
261,YW,,Huerta-Ibarra Airlines,Saudi Arabia,1747376862,1747376862
262,CB,,Vasquez-Harmon Airlines,Swaziland,1747376862,1747376862
263,TB,,Mclaughlin-Sanchez Airlines,Canada,1747376862,1747376862
264,FE,,Jones PLC Airlines,Norway,1747376862,1747376862
265,QV,TQCW,Cunningham PLC Airlines,Iran,1747376862,1747376862
266,EB,KKKW,Daniels-Ingram Airlines,Egypt,1747376862,1747376862
267,QB,,"Robinson, Greene and Smith Airlines",Mauritania,1747376862,1747376862
268,VI,ROQF,"Nguyen, Ray and Murillo Airlines",Antigua and Barbuda,1747376862,1747376862
269,WP,ZFAU,"Booker, Mckenzie and Chase Airlines",Montserrat,1747376862,1747376862
270,ND,JMIK,"Johnson, Maxwell and Macias Airlines",Belarus,1747376862,1747376862
271,FJ,,Mclaughlin Inc Airlines,Hong Kong,1747376862,1747376862
272,QT,ZZRO,Gray-Yates Airlines,Bolivia,1747376862,1747376862
273,WJ,DKGU,"Christensen, Rios and Bender Airlines",Micronesia,1747376862,1747376862
274,FV,XORD,Smith Group Airlines,Myanmar,1747376862,1747376862
275,LS,XTSB,"Lane, Johnson and Brown Airlines",Barbados,1747376862,1747376862
276,HN,LNSM,"Wall, Shepherd and Dunn Airlines",Timor-Leste,1747376862,1747376862
277,CD,,Gonzales-Graham Airlines,South Georgia and the South Sandwich Islands,1747376862,1747376862
278,VK,MIXK,"Krueger, Avila and Reilly Airlines",Sierra Leone,1747376862,1747376862
279,MG,GWJX,"Williams, Cannon and Johnson Airlines",French Polynesia,1747376862,1747376862
280,WH,IWMS,Lee Group Airlines,Turks and Caicos Islands,1747376862,1747376862
281,ZH,FDHX,"Baker, Andrade and Vaughn Airlines",Haiti,1747376862,1747376862
282,QQ,,Reynolds and Sons Airlines,Suriname,1747376862,1747376862
283,GF,MPEA,Howe-Weaver Airlines,South Georgia and the South Sandwich Islands,1747376862,1747376862
284,ON,PRMF,Frazier-Martinez Airlines,Nicaragua,1747376862,1747376862
285,PS,GALR,Hamilton-Anderson Airlines,Trinidad and Tobago,1747376862,1747376862
286,FL,YFCF,Velasquez Inc Airlines,Saint Kitts and Nevis,1747376862,1747376862
287,KU,HBSM,Jimenez-Herrera Airlines,Senegal,1747376862,1747376862
288,BY,MEWW,"Wang, Bradley and Butler Airlines",Sudan,1747376862,1747376862
289,WM,HURO,"Wright, Marshall and Cowan Airlines",United Arab Emirates,1747376862,1747376862
290,MS,,Frost and Sons Airlines,Ghana,1747376862,1747376862
291,NO,OYTA,Hernandez-Hughes Airlines,Panama,1747376862,1747376862
292,LL,YYMV,"Lewis, Hanson and Miranda Airlines",New Zealand,1747376862,1747376862
293,UY,,Fischer-Cook Airlines,Guernsey,1747376862,1747376862
294,NL,,Hickman Ltd Airlines,Guatemala,1747376862,1747376862
295,QU,,Harrington and Sons Airlines,Greenland,1747376862,1747376862
296,LI,,Austin Ltd Airlines,Cambodia,1747376862,1747376862
297,MA,LKOR,Conrad-Gutierrez Airlines,Brazil,1747376862,1747376862
298,VH,UVEA,French LLC Airlines,Central African Republic,1747376862,1747376862
299,MJ,VFPP,Hart Group Airlines,Zimbabwe,1747376862,1747376862
300,PR,PTNT,Farrell-Craig Airlines,Korea,1747376862,1747376862
301,SE,NBLB,Ayala-Flores Airlines,Costa Rica,1747376862,1747376862
302,GB,,"Dillon, Ellis and Barton Airlines",Saint Pierre and Miquelon,1747376862,1747376862
303,EZ,,Mcguire-Wade Airlines,Timor-Leste,1747376862,1747376862
304,PE,ENOJ,Johnson LLC Airlines,French Guiana,1747376862,1747376862
305,LX,EMQQ,"Hernandez, Graham and Sullivan Airlines",Papua New Guinea,1747376862,1747376862
306,AA,DRGO,Logan-Richard Airlines,Guatemala,1747376862,1747376862
307,RA,MHNA,Fields LLC Airlines,Tanzania,1747376862,1747376862
308,UF,LAII,Thompson PLC Airlines,Papua New Guinea,1747376862,1747376862
309,XI,QURS,"Larson, Patterson and Rivera Airlines",Chad,1747376862,1747376862
310,SF,UAIO,Cooper and Sons Airlines,Belize,1747376862,1747376862
311,BD,LUGF,"Estrada, Lopez and Huff Airlines",Yemen,1747376862,1747376862
312,OS,BDRW,"Fitzgerald, Harvey and Evans Airlines",Armenia,1747376862,1747376862
313,QS,WKQU,Richard and Sons Airlines,Pakistan,1747376862,1747376862
314,WC,ACWE,Spears Inc Airlines,Slovenia,1747376862,1747376862
315,ZW,RUZY,"Nicholson, Dawson and Parker Airlines",Mauritius,1747376862,1747376862
316,HC,LUVE,Gonzalez-Alvarez Airlines,Cayman Islands,1747376862,1747376862
317,ZR,CHIG,"Stephenson, Nielsen and Swanson Airlines",Mexico,1747376862,1747376862
318,JB,XHTU,Griffith-Schmidt Airlines,Saint Helena,1747376862,1747376862
319,FS,FPZO,Woodard PLC Airlines,Belarus,1747376862,1747376862
320,AC,EOVK,Gutierrez LLC Airlines,British Virgin Islands,1747376862,1747376862
321,QE,SQGU,Miller and Sons Airlines,Syrian Arab Republic,1747376862,1747376862
322,JP,HHTI,Russell-Gordon Airlines,Finland,1747376862,1747376862
323,VW,VKQO,Russell Inc Airlines,Liberia,1747376862,1747376862
324,TQ,RPJW,Lee-Webb Airlines,Marshall Islands,1747376862,1747376862
325,XA,,Jackson-Kemp Airlines,Ireland,1747376862,1747376862
326,NF,RGXN,Martinez-Lindsey Airlines,Cambodia,1747376862,1747376862
327,LY,,"Elliott, Allen and Harrison Airlines",Cocos (Keeling) Islands,1747376862,1747376862
328,WQ,,Stout-Jenkins Airlines,Mauritania,1747376862,1747376862
329,AS,QYYI,Kelley-Ortiz Airlines,Iran,1747376862,1747376862
330,WX,,Tanner Group Airlines,Croatia,1747376862,1747376862
331,SV,,"Wagner, Foley and Arroyo Airlines",Uganda,1747376862,1747376862
332,SM,RXBQ,Johnson-Cole Airlines,Mauritania,1747376862,1747376862
333,OB,,"Nelson, Gibson and Mccall Airlines",Moldova,1747376862,1747376862
334,PD,UCMM,"Walker, Smith and Smith Airlines",Congo,1747376862,1747376862
335,AM,ZJGN,Vazquez-Mendez Airlines,Uzbekistan,1747376862,1747376862
336,QR,HIJT,Thompson-James Airlines,Guernsey,1747376862,1747376862
337,QP,QFPR,Howard Ltd Airlines,Heard Island and McDonald Islands,1747376862,1747376862
338,DU,BZLE,Roberts-Stark Airlines,Svalbard & Jan Mayen Islands,1747376862,1747376862
339,IH,TYGN,"Dunlap, Tran and Lynn Airlines",Saint Barthelemy,1747376862,1747376862
340,PO,SJNQ,"Jones, Robertson and Brown Airlines",Samoa,1747376862,1747376862
341,ID,RRZK,Powell-Decker Airlines,Denmark,1747376862,1747376862
342,UO,TBQU,Williams Ltd Airlines,Saint Kitts and Nevis,1747376862,1747376862
343,OU,,Church PLC Airlines,Heard Island and McDonald Islands,1747376862,1747376862
344,FX,,"James, Pitts and Buchanan Airlines",Saint Vincent and the Grenadines,1747376862,1747376862
345,VR,XADV,Blake-Rubio Airlines,Venezuela,1747376862,1747376862
346,BP,,Willis and Sons Airlines,Sao Tome and Principe,1747376862,1747376862
347,SI,EKNH,Johnson-Sanchez Airlines,Brunei Darussalam,1747376862,1747376862
348,WF,CSTP,"Curtis, Jones and Lane Airlines",Croatia,1747376862,1747376862
349,KJ,ZYIL,Ward PLC Airlines,French Southern Territories,1747376862,1747376862
350,JY,VSCW,Ramirez Group Airlines,Timor-Leste,1747376862,1747376862
351,BQ,XTYN,Benton Ltd Airlines,Guyana,1747376862,1747376862
352,EF,ZJHF,Olson PLC Airlines,Montenegro,1747376862,1747376862
353,FF,RWVL,"Mcconnell, Dunn and Davila Airlines",United Arab Emirates,1747376862,1747376862
354,PV,ATVO,Mcgee-Hart Airlines,Brunei Darussalam,1747376862,1747376862
355,HA,WKSP,Lucero-Johnson Airlines,Indonesia,1747376862,1747376862
356,HU,IXCX,Pugh LLC Airlines,Zambia,1747376862,1747376862
357,YL,TIAN,Baldwin and Sons Airlines,Bhutan,1747376862,1747376862
358,FW,,Reeves Group Airlines,Andorra,1747376862,1747376862
359,AI,WGYS,Baker-Mcpherson Airlines,South Georgia and the South Sandwich Islands,1747376862,1747376862
360,JH,JTJA,Freeman-Roberts Airlines,Tokelau,1747376862,1747376862
361,TO,SHHW,Woods-Wagner Airlines,Wallis and Futuna,1747376862,1747376862
362,CL,JSQV,Pineda Ltd Airlines,Belize,1747376862,1747376862
363,ZX,,Mitchell Ltd Airlines,Mozambique,1747376862,1747376862
364,UJ,ICEG,Koch Group Airlines,Nepal,1747376862,1747376862
365,UU,BVAT,Nicholson LLC Airlines,Indonesia,1747376862,1747376862
366,QI,,"Adams, Grimes and Neal Airlines",Lebanon,1747376862,1747376862
367,GI,,Green-King Airlines,Burkina Faso,1747376862,1747376862
368,HL,MTTC,Bowers-Holt Airlines,Lebanon,1747376862,1747376862
369,GK,QVBG,Scott-Cline Airlines,Peru,1747376862,1747376862
370,AO,TFMK,Schneider and Sons Airlines,American Samoa,1747376862,1747376862
371,XT,XEIR,Matthews-Henderson Airlines,Equatorial Guinea,1747376862,1747376862
372,QL,MLZT,Fisher-Moore Airlines,Sweden,1747376862,1747376862
373,PY,,"Fisher, Andrade and Mays Airlines",Saint Barthelemy,1747376862,1747376862
374,HI,AAEN,Castro LLC Airlines,Moldova,1747376862,1747376862
375,NN,DZXU,"Valdez, Walsh and Holland Airlines",Samoa,1747376862,1747376862
376,SP,DFXY,Rodriguez-Kelly Airlines,Mongolia,1747376862,1747376862
377,EQ,SJXR,"Jones, Marshall and Turner Airlines",Czech Republic,1747376862,1747376862
378,LT,,Edwards Group Airlines,Somalia,1747376862,1747376862
379,YQ,DFLK,Santana Ltd Airlines,Oman,1747376862,1747376862
380,CY,HHCD,"Elliott, Costa and Wang Airlines",Bhutan,1747376862,1747376862
381,SR,EFKC,Stanley and Sons Airlines,Mongolia,1747376862,1747376862
382,OR,CLRE,Gonzales LLC Airlines,Guyana,1747376862,1747376862
383,PL,,Williams Group Airlines,Finland,1747376862,1747376862
384,KK,TTKM,Pena Group Airlines,Burkina Faso,1747376862,1747376862
385,EH,SDQM,Little Ltd Airlines,Ghana,1747376862,1747376862
386,IC,HOPI,Barnes-Hurst Airlines,Kazakhstan,1747376862,1747376862
387,FA,,"Jones, Rubio and Holmes Airlines",Northern Mariana Islands,1747376862,1747376862
388,SL,SRCZ,Wells LLC Airlines,Norfolk Island,1747376862,1747376862
389,RZ,AUKA,Vaughn Inc Airlines,French Polynesia,1747376862,1747376862
390,MD,NFFE,"Garcia, Kent and Marquez Airlines",Bahrain,1747376862,1747376862
391,XB,,Clark-Ward Airlines,Philippines,1747376862,1747376862
392,AJ,ZKDY,Smith-Wilson Airlines,Lesotho,1747376862,1747376862
393,WB,CPFD,Lloyd-Kane Airlines,Panama,1747376862,1747376862
394,GW,DMPH,Reed Inc Airlines,Faroe Islands,1747376862,1747376862
395,DJ,,Morgan-Chan Airlines,Malawi,1747376862,1747376862
396,DV,,Moore Ltd Airlines,French Southern Territories,1747376862,1747376862
397,ES,IOGZ,"Turner, Gilbert and Scott Airlines",Iceland,1747376862,1747376862
398,UH,FYMI,"Zuniga, Jackson and Thornton Airlines",Nepal,1747376862,1747376862
399,JZ,RMYU,Gonzalez-Johns Airlines,Syrian Arab Republic,1747376862,1747376862
400,QZ,WTCY,Gates Ltd Airlines,India,1747376862,1747376862
401,YK,ZYMB,Livingston-Russell Airlines,Uruguay,1747376862,1747376862
402,ZS,NHMF,"King, Williams and Patel Airlines",United States Minor Outlying Islands,1747376862,1747376862
403,VU,ICTN,"Page, Sullivan and Owens Airlines",Bahrain,1747376862,1747376862
404,QJ,QPIX,Fleming Group Airlines,Guinea-Bissau,1747376862,1747376862
405,FT,,Mcclain-Davila Airlines,Lao People's Democratic Republic,1747376862,1747376862
406,VV,DPZX,"Crane, Suarez and Hartman Airlines",United Arab Emirates,1747376862,1747376862
407,MR,KLEG,Nash PLC Airlines,Chile,1747376862,1747376862
408,IT,HTZM,"Hendrix, Harvey and Cooper Airlines",Taiwan,1747376862,1747376862
409,CA,RHZC,Dunn Group Airlines,Bouvet Island (Bouvetoya),1747376862,1747376862
410,OV,KNSU,"Jordan, Santos and Johnson Airlines",Jersey,1747376862,1747376862
411,NP,HEKG,Baker Inc Airlines,Nauru,1747376862,1747376862
412,HP,,Potter PLC Airlines,Burkina Faso,1747376862,1747376862
413,CG,SMWY,Dyer PLC Airlines,South Africa,1747376862,1747376862
414,RQ,TLOI,Glass-Smith Airlines,Anguilla,1747376862,1747376862
415,BN,,Munoz Group Airlines,Myanmar,1747376862,1747376862
416,PM,,Evans-Mcbride Airlines,Argentina,1747376862,1747376862
417,IF,BIAN,Jordan Group Airlines,Myanmar,1747376862,1747376862
418,GX,CHBQ,Anthony-Butler Airlines,Vietnam,1747376862,1747376862
419,CW,SNLV,Wolf and Sons Airlines,Georgia,1747376862,1747376862
420,NH,TYLZ,Oneal-Walsh Airlines,Venezuela,1747376862,1747376862
421,UK,YQAV,West-Mitchell Airlines,Reunion,1747376862,1747376862
422,TY,CLWN,"Hall, Hoover and Potts Airlines",Albania,1747376862,1747376862
423,JA,XPNX,"Fowler, Perry and Edwards Airlines",Solomon Islands,1747376862,1747376862
424,VT,NQQC,Kirby-Suarez Airlines,Kiribati,1747376862,1747376862
425,KO,XVIR,"Palmer, Meyer and Rhodes Airlines",Tokelau,1747376862,1747376862
426,HG,,"Johnson, Long and Williams Airlines",Saint Pierre and Miquelon,1747376862,1747376862
427,BE,VYXY,King-Harper Airlines,Dominican Republic,1747376862,1747376862
428,AP,RGWB,Sweeney Ltd Airlines,Switzerland,1747376862,1747376862
429,UT,TWPS,"Wolf, Wilson and Jones Airlines",Bahrain,1747376862,1747376862
430,XJ,ALCZ,Nguyen-Larson Airlines,Seychelles,1747376862,1747376862
431,NW,ONNY,"Aguilar, Smith and Wolfe Airlines",Turkmenistan,1747376862,1747376862
432,RN,,Jensen Group Airlines,New Zealand,1747376862,1747376862
433,DT,,"Saunders, Lee and Taylor Airlines",South Georgia and the South Sandwich Islands,1747376862,1747376862
434,PW,ZHAF,Gomez-Clark Airlines,Poland,1747376862,1747376862
435,TP,FOPS,Gibson-Blackwell Airlines,Barbados,1747376862,1747376862
436,UB,NIAZ,"Hopkins, Patton and Rush Airlines",Uganda,1747376862,1747376862
437,EU,XMDO,"Taylor, Wright and Walker Airlines",Indonesia,1747376862,1747376862
438,FQ,,"Melendez, Hanson and Pittman Airlines",Turks and Caicos Islands,1747376862,1747376862
439,CN,,"Griffin, Harris and Scott Airlines",San Marino,1747376862,1747376862
440,KS,,Kerr-Brown Airlines,Saint Vincent and the Grenadines,1747376862,1747376862
441,YB,ZUEJ,Cooke-Burton Airlines,Grenada,1747376862,1747376862
442,LC,,"Jones, Davis and Berry Airlines",Isle of Man,1747376862,1747376862
443,ZJ,URRQ,"Smith, Thomas and Johnson Airlines",Guam,1747376862,1747376862
444,FO,CYNT,Mcdaniel-Lozano Airlines,Liberia,1747376862,1747376862
445,MF,,Edwards-Fowler Airlines,Suriname,1747376862,1747376862
446,CP,UNYH,"Harris, Alvarez and Martin Airlines",Libyan Arab Jamahiriya,1747376862,1747376862
447,TK,TYIQ,Salinas-Marshall Airlines,Saint Vincent and the Grenadines,1747376862,1747376862
448,DG,BKYF,"Wolfe, Cook and Gregory Airlines",Haiti,1747376862,1747376862
449,SO,VTPZ,Lee-Lopez Airlines,Bahrain,1747376862,1747376862
450,KP,TWVC,"Hill, Wilson and Taylor Airlines",Western Sahara,1747376862,1747376862
451,OM,,Patton Group Airlines,Ghana,1747376862,1747376862
452,WY,XZRV,Hoffman Inc Airlines,Korea,1747376862,1747376862
453,LF,PVZK,"Green, Ray and Hernandez Airlines",British Virgin Islands,1747376862,1747376862
454,PI,UKHG,"Smith, Page and Aguilar Airlines",Czech Republic,1747376862,1747376862
455,SC,MCDR,Thompson-Williams Airlines,Cameroon,1747376862,1747376862
456,NB,BGOS,"Mcbride, Combs and Morris Airlines",Chile,1747376862,1747376862
457,LB,EXEH,Allen Group Airlines,Finland,1747376862,1747376862
458,RK,CNQM,"Morris, Gordon and Leonard Airlines",New Caledonia,1747376862,1747376862
459,WZ,XQNU,Drake-Lam Airlines,Belgium,1747376862,1747376862
460,XX,PQSM,Smith Inc Airlines,Swaziland,1747376862,1747376862
461,HF,CGIV,"Rosario, Duarte and King Airlines",Saint Helena,1747376862,1747376862
462,AD,,Hopkins Group Airlines,Russian Federation,1747376862,1747376862
463,UQ,,Miller and Sons Airlines,Armenia,1747376862,1747376862
464,MU,,Bridges-Hill Airlines,Iran,1747376862,1747376862
465,TL,,Atkins and Sons Airlines,Canada,1747376862,1747376862
466,HX,MKSN,"Ortiz, Hernandez and Price Airlines",French Southern Territories,1747376862,1747376862
467,WL,KQLV,"Wade, Martin and Williams Airlines",Tajikistan,1747376862,1747376862
468,II,,"Bates, Gomez and Clark Airlines",Andorra,1747376862,1747376862
469,YR,,Leonard-Graham Airlines,Lebanon,1747376862,1747376862
470,LO,CDZR,Graham PLC Airlines,Ecuador,1747376862,1747376862
471,ZG,CVWO,"Harper, Matthews and Watson Airlines",Botswana,1747376862,1747376862
472,PA,EOBQ,Carr-Brock Airlines,Solomon Islands,1747376862,1747376862
473,KN,UNJA,"Larsen, Hicks and Sanders Airlines",Germany,1747376862,1747376862
474,ZN,XRMQ,"Lewis, Bishop and Miller Airlines",Samoa,1747376862,1747376862
475,OP,,"Lucas, Swanson and Mclaughlin Airlines",Niger,1747376862,1747376862
476,TA,GBNL,"Jones, Wood and Kirby Airlines",San Marino,1747376862,1747376862
477,BS,,"Burton, Rodriguez and Shaw Airlines",Mongolia,1747376862,1747376862
478,OX,SPJZ,Randolph-Allen Airlines,Turkmenistan,1747376862,1747376862
479,UI,OKCV,Wright PLC Airlines,Swaziland,1747376862,1747376862
480,RY,YHIH,"Clark, Oconnor and Rogers Airlines",Turkmenistan,1747376862,1747376862
481,NX,,Evans LLC Airlines,Bahrain,1747376862,1747376862
482,WI,OEFD,Schmidt Inc Airlines,Nicaragua,1747376862,1747376862
483,DW,FNCD,Smith-Romero Airlines,Montserrat,1747376862,1747376862
484,NT,JMJC,Morse-Wright Airlines,Botswana,1747376862,1747376862
485,MN,EASM,Campbell-Logan Airlines,Denmark,1747376862,1747376862
486,FC,BFFP,Dudley-Strong Airlines,Kuwait,1747376862,1747376862
487,NK,AEHV,Tucker PLC Airlines,Comoros,1747376862,1747376862
488,CJ,,"Hernandez, Johnson and Cross Airlines",Bolivia,1747376862,1747376862
489,HZ,MUPG,"Gallagher, Oliver and Rodriguez Airlines",United Arab Emirates,1747376862,1747376862
490,BX,EYZC,"Graham, Morrow and Mahoney Airlines",Singapore,1747376862,1747376862
491,ZO,,"Miller, Glenn and Craig Airlines",Nicaragua,1747376862,1747376862
492,ZV,CEXK,Jones-Allen Airlines,Angola,1747376862,1747376862
493,AN,PAHM,Buckley Inc Airlines,Central African Republic,1747376862,1747376862
494,HK,STTA,"Mckinney, Gonzalez and Lyons Airlines",Burundi,1747376862,1747376862
495,KF,SEHU,"Lamb, Nixon and Taylor Airlines",Moldova,1747376862,1747376862
496,EE,,Scott PLC Airlines,Netherlands,1747376862,1747376862
497,IB,OLDQ,Hayes-Reed Airlines,Liechtenstein,1747376862,1747376862
498,DN,UEIU,Martinez Inc Airlines,Iraq,1747376862,1747376862
499,QH,,Tucker-Reynolds Airlines,Afghanistan,1747376862,1747376862
500,OD,WLQP,Jones-Daugherty Airlines,Ireland,1747376862,1747376862
501,JJ,VAJK,Herrera-Coleman Airlines,Papua New Guinea,1747376862,1747376862
502,EK,,Dalton LLC Airlines,Angola,1747376862,1747376862
503,TR,YTHN,Green and Sons Airlines,Cyprus,1747376862,1747376862
504,AE,GPMX,Powell LLC Airlines,Bosnia and Herzegovina,1747376862,1747376862
505,PK,SOGW,Oneill Inc Airlines,Sudan,1747376862,1747376862
506,WR,VQUU,"Mcdonald, Jackson and Farmer Airlines",Tuvalu,1747376862,1747376862
507,RO,UXUQ,Cobb Group Airlines,Uzbekistan,1747376862,1747376862
508,LQ,KQUA,"Hicks, Roberts and Martinez Airlines",Kyrgyz Republic,1747376862,1747376862
509,TE,PDRK,"Mendez, Bender and Horton Airlines",Jersey,1747376862,1747376862
510,MI,,"Stewart, Lawson and Ward Airlines",Palau,1747376862,1747376862
511,IY,LMJD,Stevenson-Blanchard Airlines,Algeria,1747376862,1747376862
512,UV,BKFD,Stout-Collins Airlines,Solomon Islands,1747376862,1747376862
513,EM,ERGZ,"Davis, Miller and Lee Airlines",Sudan,1747376862,1747376862
514,US,NEBP,Cobb-Butler Airlines,Jamaica,1747376862,1747376862
515,PP,,Hale-Soto Airlines,Canada,1747376862,1747376862
516,SH,DROU,"Bautista, Best and Norris Airlines",Canada,1747376862,1747376862
517,CE,MEQW,"Terry, Gill and Smith Airlines",Martinique,1747376862,1747376862
518,TJ,WCGA,"Yates, West and Marsh Airlines",Paraguay,1747376862,1747376862
519,CI,EAVU,"Jones, Kirk and Wagner Airlines",Anguilla,1747376862,1747376862
520,PU,WUVM,"Bailey, Stone and Smith Airlines",Cayman Islands,1747376862,1747376862
521,VM,ERQO,Ramos Inc Airlines,Sweden,1747376862,1747376862
522,CV,QSXB,Spence and Sons Airlines,Nepal,1747376862,1747376862
523,JV,,"Obrien, Sellers and Wolf Airlines",Cape Verde,1747376862,1747376862
524,GC,VWPI,Thomas-Wise Airlines,Norway,1747376862,1747376862
525,AV,,Silva Inc Airlines,Micronesia,1747376862,1747376862
526,RH,RHLK,Sexton-Escobar Airlines,Guam,1747376862,1747376862
527,RW,YBSN,Ramirez PLC Airlines,Guadeloupe,1747376862,1747376862
528,QG,QCOJ,Garcia-Brown Airlines,Burkina Faso,1747376862,1747376862
529,IM,KETZ,Carrillo-Jackson Airlines,Greece,1747376862,1747376862
530,IV,FDXI,"Patel, Marshall and Dodson Airlines",Czech Republic,1747376862,1747376862
531,PC,ZLDU,Hunter-Sanchez Airlines,Norfolk Island,1747376862,1747376862
532,SA,MNFZ,Marquez Ltd Airlines,Hong Kong,1747376862,1747376862
533,NY,GVLN,Kent and Sons Airlines,Grenada,1747376862,1747376862
534,DZ,RSRW,Hayes and Sons Airlines,Venezuela,1747376862,1747376862
535,SQ,,Rodriguez-Edwards Airlines,Samoa,1747376862,1747376862
536,ER,TQXC,"Cox, Bailey and Chambers Airlines",Norway,1747376862,1747376862
537,XS,,Young Group Airlines,Chad,1747376862,1747376862
538,KM,GTMT,Johnson Group Airlines,Azerbaijan,1747376862,1747376862
539,DH,COCD,Brooks-Perry Airlines,Denmark,1747376862,1747376862
540,FG,OGTT,"Cox, Thomas and Anderson Airlines",Tuvalu,1747376862,1747376862
541,OE,RYYL,Montgomery Inc Airlines,Poland,1747376862,1747376862
542,CK,JZMT,Nguyen-Chavez Airlines,Svalbard & Jan Mayen Islands,1747376862,1747376862
543,TT,SOPN,Harding-Mcgee Airlines,Turkey,1747376862,1747376862
544,MW,,Vasquez-Hernandez Airlines,Malta,1747376862,1747376862
545,IE,LWMG,Perkins Group Airlines,Falkland Islands (Malvinas),1747376862,1747376862
546,AW,,Miller-Lee Airlines,French Southern Territories,1747376862,1747376862
547,KI,ZVOD,Morris-James Airlines,New Caledonia,1747376862,1747376862
548,JO,LDXK,Burke LLC Airlines,Ukraine,1747376862,1747376862
549,CZ,MYKX,"Espinoza, Gomez and Walsh Airlines",Namibia,1747376862,1747376862
550,DM,,King Inc Airlines,Norfolk Island,1747376862,1747376862
551,ED,WACJ,"Blake, Stephens and Jefferson Airlines",Uganda,1747376862,1747376862
552,YY,LLLC,Long-Reese Airlines,United Arab Emirates,1747376862,1747376862
553,NZ,IUXS,Higgins-Taylor Airlines,Gambia,1747376862,1747376862
554,HH,BENU,Hawkins-Harris Airlines,Sweden,1747376862,1747376862
555,LH,ZBBN,Watts LLC Airlines,Palau,1747376862,1747376862
556,OI,KCMC,"Burns, Thomas and Beck Airlines",Zambia,1747376862,1747376862
557,SN,CODJ,Gilbert-Baker Airlines,Japan,1747376862,1747376862
558,YM,,Grant PLC Airlines,Portugal,1747376862,1747376862
559,HY,XRAK,Jones-Brandt Airlines,Mauritania,1747376862,1747376862
560,HD,EWES,Torres-Goodman Airlines,Iraq,1747376862,1747376862
561,IA,,Lambert-Fletcher Airlines,Turkmenistan,1747376862,1747376862
562,TX,ZLNF,Howard-Chapman Airlines,Iran,1747376862,1747376862
563,UP,,"Thompson, Morris and Underwood Airlines",Gibraltar,1747376862,1747376862
564,JG,LJTM,Young LLC Airlines,Kazakhstan,1747376862,1747376862
565,NU,NQRM,Chapman-Livingston Airlines,Cook Islands,1747376862,1747376862
566,WD,BRFX,Murray-Roach Airlines,Somalia,1747376862,1747376862
567,GR,,Green Inc Airlines,Netherlands Antilles,1747376862,1747376862
568,OL,FDPJ,Taylor Group Airlines,Cocos (Keeling) Islands,1747376862,1747376862
569,FH,HZMP,"Carr, Spencer and Pratt Airlines",Namibia,1747376862,1747376862
570,HT,CAHD,"Castillo, Turner and Cameron Airlines",Sierra Leone,1747376862,1747376862
571,CC,NKRE,Moore LLC Airlines,Uzbekistan,1747376862,1747376862
572,TV,,Lopez-Garcia Airlines,Libyan Arab Jamahiriya,1747376862,1747376862
573,SZ,CFTZ,Moore Inc Airlines,Burundi,1747376862,1747376862
574,AB,UJHQ,"Christian, Ayers and Thomas Airlines",Hong Kong,1747376862,1747376862
575,UD,TKMB,Lee and Sons Airlines,Taiwan,1747376862,1747376862
576,VG,DDTE,Huang-Williams Airlines,Greenland,1747376862,1747376862
577,KV,YUPY,"Morrison, Clark and Burnett Airlines",Philippines,1747376862,1747376862
578,BM,ZPSX,Powell and Sons Airlines,Spain,1747376862,1747376862
579,BW,DMUP,Brown-Garrett Airlines,Palau,1747376862,1747376862
580,YG,FUGU,Santiago Inc Airlines,Bosnia and Herzegovina,1747376862,1747376862
581,HR,,"Sanchez, Hardin and Fischer Airlines",Iran,1747376862,1747376862
582,SW,JIVP,Fletcher LLC Airlines,Niue,1747376862,1747376862
583,SK,WETY,Brown PLC Airlines,Guatemala,1747376862,1747376862
584,JC,,"Collins, Franco and Ewing Airlines",Montserrat,1747376862,1747376862
585,TG,EVDM,"Willis, Davis and Hill Airlines",United States Minor Outlying Islands,1747376862,1747376862
586,CS,CIMZ,"Vargas, Vargas and Allen Airlines",Somalia,1747376862,1747376862
587,CO,CCET,Martin LLC Airlines,Greece,1747376862,1747376862
588,WS,TLMP,Jackson-Quinn Airlines,Svalbard & Jan Mayen Islands,1747376862,1747376862
589,IO,BLOH,"Robertson, Hill and Cameron Airlines",Niue,1747376862,1747376862
590,TM,HMPC,Diaz and Sons Airlines,Congo,1747376862,1747376862
591,EJ,DZCL,Coleman-Evans Airlines,Sudan,1747376862,1747376862
592,QD,VSFZ,Rodriguez PLC Airlines,Haiti,1747376862,1747376862
593,IX,AAUW,King PLC Airlines,Zimbabwe,1747376862,1747376862
594,JS,PAYV,Gonzalez-Cole Airlines,Liberia,1747376862,1747376862
595,MT,LXES,Fox Ltd Airlines,Argentina,1747376862,1747376862
596,JQ,,"Norris, Stewart and Sexton Airlines",Mayotte,1747376862,1747376862
597,PT,WSIV,Carter-Bridges Airlines,Liechtenstein,1747376862,1747376862
598,KL,VGHX,Reynolds and Sons Airlines,Fiji,1747376862,1747376862
599,JT,EORV,Curtis-Gross Airlines,Rwanda,1747376862,1747376862
600,LZ,,Davis-Summers Airlines,Palestinian Territory,1747376862,1747376862
601,SX,AYBR,"Rodriguez, Boyd and Weaver Airlines",Saint Martin,1747376862,1747376862
602,BH,EPLP,Thomas Inc Airlines,Qatar,1747376862,1747376862
603,RC,ZTWO,Jensen-Phillips Airlines,Iceland,1747376862,1747376862
604,BO,,"Bolton, Hernandez and Molina Airlines",British Virgin Islands,1747376862,1747376862
605,ZE,ICGA,"Peterson, Jones and Moore Airlines",Pakistan,1747376862,1747376862
606,IU,NFFH,"Smith, Anderson and Nunez Airlines",Guyana,1747376862,1747376862
607,RX,KKLE,Martinez Inc Airlines,Moldova,1747376862,1747376862
608,YE,DBKK,Hatfield Ltd Airlines,Mauritania,1747376862,1747376862
609,EA,NQSL,"Walker, Williams and Olsen Airlines",Burkina Faso,1747376862,1747376862
610,YO,KIZL,"Cunningham, Rios and Turner Airlines",Suriname,1747376862,1747376862
611,YP,,Boyd Group Airlines,French Southern Territories,1747376862,1747376862
612,GS,TFPT,Bradley-Garcia Airlines,Saint Kitts and Nevis,1747376862,1747376862
613,HB,OXLF,Davis-Evans Airlines,Svalbard & Jan Mayen Islands,1747376862,1747376862
614,LA,UYBW,Gallegos-Thompson Airlines,Benin,1747376862,1747376862
615,ZY,KCAA,Webb-Riley Airlines,Ukraine,1747376862,1747376862
616,VN,JKJC,Brown-Schwartz Airlines,Cook Islands,1747376862,1747376862
617,OC,,Marks-Morris Airlines,Lao People's Democratic Republic,1747376862,1747376862
618,EL,XIBT,May-Myers Airlines,Poland,1747376862,1747376862
619,ET,AKEF,"Garcia, Scott and Young Airlines",Iceland,1747376862,1747376862
620,IR,,"Wright, Cannon and Novak Airlines",Peru,1747376862,1747376862
621,YT,YTDI,Malone Ltd Airlines,Sudan,1747376862,1747376862
622,WN,ZFLC,Mack LLC Airlines,Nepal,1747376862,1747376862
623,GO,KNOQ,Green Ltd Airlines,Samoa,1747376862,1747376862
624,FI,EBUX,"Heath, Miller and Bennett Airlines",Micronesia,1747376862,1747376862
625,LG,FZFL,"Johnson, Tran and Manning Airlines",Sao Tome and Principe,1747376862,1747376862
626,NR,UJWA,Bryan LLC Airlines,Kiribati,1747376862,1747376862
627,LW,ZJPN,"Marshall, Brown and Weeks Airlines",Azerbaijan,1747376862,1747376862
628,AK,ERVH,Ross Inc Airlines,Ukraine,1747376862,1747376862
629,JW,TNFC,"Valdez, Mills and Smith Airlines",Netherlands Antilles,1747376862,1747376862
630,WV,VREN,Watson Ltd Airlines,French Guiana,1747376862,1747376862
631,BV,,Allen Ltd Airlines,Dominican Republic,1747376862,1747376862
632,IJ,XDPZ,"Campbell, Smith and Fox Airlines",Oman,1747376862,1747376862
633,JD,EIDR,"Tran, Carr and Simon Airlines",Haiti,1747376862,1747376862
634,AU,NYIR,Wallace and Sons Airlines,Ukraine,1747376862,1747376862
635,KB,,Murphy LLC Airlines,Slovenia,1747376862,1747376862
636,AL,LKPK,Johnson-Sloan Airlines,South Africa,1747376862,1747376862
637,YV,ZIIA,Nelson-Williams Airlines,Malaysia,1747376862,1747376862
638,DL,OTQW,"Tate, Clark and Salazar Airlines",Brunei Darussalam,1747376862,1747376862
639,DD,,Butler PLC Airlines,Moldova,1747376862,1747376862
640,HJ,JEGP,"Martinez, Sanchez and Johnson Airlines",Brazil,1747376862,1747376862
641,RS,,"White, Wilson and Parks Airlines",Zambia,1747376862,1747376862
642,RM,ODPZ,"Gomez, Holmes and Smith Airlines",Brunei Darussalam,1747376862,1747376862
643,XY,UCWZ,"Pearson, Walsh and Henderson Airlines",Guinea,1747376862,1747376862
644,ZU,,Kim and Sons Airlines,Rwanda,1747376862,1747376862
645,AX,ZCYM,"Warren, Mcmillan and Smith Airlines",Myanmar,1747376862,1747376862
646,TC,CFSJ,"King, Ponce and Jimenez Airlines",Belarus,1747376862,1747376862
647,KC,GAID,Walls-Krueger Airlines,Dominica,1747376862,1747376862
648,JI,OOHI,Murphy LLC Airlines,French Guiana,1747376862,1747376862
649,BI,MWHQ,Collins-Mills Airlines,Nauru,1747376862,1747376862
650,CQ,,"White, Powell and Wheeler Airlines",Dominica,1747376862,1747376862
651,MC,WTZI,Rojas PLC Airlines,Mauritania,1747646102,1747646102
652,NC,YEKH,Parsons Inc Airlines,Tonga,1747646102,1747646102
653,SB,AVXX,White Ltd Airlines,Bahrain,1747646102,1747646102
654,GN,UYCB,"Reynolds, Gutierrez and Meyer Airlines",Eritrea,1747646102,1747646102
655,LN,AYHW,Allen-Lewis Airlines,Jamaica,1747646102,1747646102
656,WG,OXJC,Walker Group Airlines,Uruguay,1747646102,1747646102
657,RP,DDEO,"Ruiz, Davis and Garrison Airlines",Turkey,1747646102,1747646102
658,JX,ERLJ,Davenport-Cameron Airlines,Belize,1747646102,1747646102
659,LV,DMMK,Rhodes Inc Airlines,Isle of Man,1747646102,1747646102
660,QO,HNKV,Weeks Inc Airlines,Seychelles,1747646102,1747646102
661,VL,ZQSC,Rowe LLC Airlines,Macao,1747646102,1747646102
662,UW,UQBS,"Kent, Velasquez and Roberts Airlines",Romania,1747646102,1747646102
663,IN,DBOS,Contreras LLC Airlines,American Samoa,1747646102,1747646102
664,ZQ,VCJG,Lee LLC Airlines,Togo,1747646102,1747646102
665,UX,CEYL,Melendez-Hernandez Airlines,Indonesia,1747646102,1747646102
666,NS,OHVF,Rodriguez Group Airlines,Nicaragua,1747646102,1747646102
667,GP,EACU,Collins PLC Airlines,Peru,1747646102,1747646102
668,RB,RXDC,Collins-Hernandez Airlines,Uzbekistan,1747646102,1747646102
669,RF,HJGS,Russell Group Airlines,Niger,1747646102,1747646102
670,EN,IAWB,Todd and Sons Airlines,Suriname,1747646102,1747646102
671,NJ,ELCF,Wilcox LLC Airlines,Kyrgyz Republic,1747646102,1747646102
672,WT,THXR,"Jones, Lopez and Green Airlines",Kazakhstan,1747646102,1747646102
673,HO,ZXXO,Guerra Ltd Airlines,Bouvet Island (Bouvetoya),1747646102,1747646102
674,QF,IGON,Klein and Sons Airlines,South Georgia and the South Sandwich Islands,1747646102,1747646102
675,QX,VPHP,Mcguire-Gomez Airlines,Spain,1747646102,1747646102
